<?xml version="1.0" encoding="UTF-8"?>
<project-private xmlns="http://www.netbeans.org/ns/project-private/1">
    <editor-bookmarks xmlns="http://www.netbeans.org/ns/editor-bookmarks/2" lastBookmarkId="0"/>
    <open-files xmlns="http://www.netbeans.org/ns/projectui-open-files/2">
        <group>
            <file>file:/C:/GitHub/Helix_Java/Niedermayer_Dávid_OOP_Dolgozat/src/niedermayer_dávid_oop_dolgozat/Music.java</file>
            <file>file:/C:/GitHub/Helix_Java/Niedermayer_Dávid_OOP_Dolgozat/src/niedermayer_dávid_oop_dolgozat/Niedermayer_Dávid_OOP_Dolgozat.java</file>
            <file>file:/C:/GitHub/Helix_Java/Niedermayer_Dávid_OOP_Dolgozat/src/niedermayer_dávid_oop_dolgozat/MusicLibrary.java</file>
        </group>
    </open-files>
</project-private>
